,Sales,Quantity,Discount,Profit
count,2653.0,2653.0,2653.0,2653.0
mean,217.20440049001132,3.7889182058047495,0.0813230305314738,55.36458778741048
std,599.388594380864,2.231154882526765,0.09918988630683849,221.95976005020728
min,0.99,1.0,0.0,0.1008
25%,17.9,2.0,0.0,5.2164
50%,49.96,3.0,0.0,12.5762
75%,189.0,5.0,0.2,38.988
max,13999.96,14.0,0.4,6719.9808
