,Sales,Quantity,Discount,Profit
count,3282.0,3282.0,3282.0,3282.0
mean,222.4145043266301,3.764777574649604,0.15573430834856794,28.44031316270567
std,587.2934913982825,2.2248224410335844,0.20652085279333965,242.91764892681044
min,0.444,1.0,0.0,-3839.9904
25%,17.145,2.0,0.0,1.7901
50%,54.352000000000004,3.0,0.2,8.3514
75%,206.07479999999998,5.0,0.2,28.5879
max,13999.96,14.0,0.8,6719.9808
