"Sub-Category","category_profit","profit_ratio","cumulative_ratio"
Copiers,25031.790200000003,17.042,17.042
Accessories,15662.948900000009,10.664,27.706000000000003
Phones,12684.60900000001,8.636,36.342
Paper,12109.112899999993,8.244,44.586
Appliances,7865.2683000000025,5.355,49.941
Binders,7640.135799999999,5.202,55.143
Chairs,7635.450200000002,5.198,60.341
Storage,7272.000299999998,4.951,65.292
Furnishings,4114.427999999998,2.801,68.093
Art,2219.4574999999995,1.511,69.604
